"record_type","id","task_id","date","km","action","notes","confirmed","interval_km","interval_months","due_km","due_date","priority"
"vehicle","vehicle","","","30920","","Suzuki GSF650S","","","","","","2005"
"event","seed-oil","oil","2026-09-10","30137","replace","Motul 7100 10W-40 · 3,5 L (schimb cu filtru).","true","","","","",""
"event","seed-oil-filter","oil-filter","2026-09-10","30137","replace","COF038. Poți seta un interval personal mai scurt, de exemplu odată cu uleiul.","true","","","","",""
"event","seed-air-check","air-check","2026-09-10","30137","inspect","Service la 30.137 km, conform fișei furnizate.","true","","","","",""
"event","seed-air-replace","air-replace","2026-09-10","30137","replace","Service la 30.137 km, conform fișei furnizate.","true","","","","",""
"event","seed-spark-check","spark-check","2026-09-10","30137","inspect","Service la 30.137 km, conform fișei furnizate.","true","","","","",""
"event","seed-spark-replace","spark-replace","2026-09-10","30137","replace","4 bucăți schimbate.","true","","","","",""
"event","seed-chain-check","chain-check","2026-09-10","30137","inspect","Verificat și reglat la service.","true","","","","",""
"event","seed-chain-lube","chain-lube","2026-09-10","30137","lubricate","Și după ploaie sau spălare, când este necesar.","true","","","","",""
"event","seed-brakes","brakes","2026-09-10","30137","inspect","Service la 30.137 km, conform fișei furnizate.","true","","","","",""
"event","seed-pads","pads","2026-09-10","30137","inspect","~30% material rămas la 30.137 km. Verificare mai devreme decât service-ul de 6.000 km; înlocuire după uzură.","true","","","","",""
"event","seed-discs","discs","2026-09-10","30137","inspect","Măsurate la service, fără problemă indicată. Parte din inspecția frânelor.","true","","","","",""
"event","seed-fluid-front-check","fluid-front-check","2026-09-10","30137","inspect","Service la 30.137 km, conform fișei furnizate.","true","","","","",""
"event","seed-fluid-front-replace","fluid-front-replace","2026-09-10","30137","replace","Service la 30.137 km, conform fișei furnizate.","true","","","","",""
"event","seed-fluid-rear-check","fluid-rear-check","2026-09-10","30137","inspect","Service la 30.137 km, conform fișei furnizate.","true","","","","",""
"event","seed-fluid-rear-replace","fluid-rear-replace","2026-09-10","30137","replace","Service la 30.137 km, conform fișei furnizate.","true","","","","",""
"event","seed-tires-check","tires-check","2026-09-10","30137","inspect","Bridgestone T31, DOT 2018; spate ~3 mm. Fața recomandată la schimb.","true","","","","",""
"event","seed-steering","steering","2026-09-10","30137","inspect","Service la 30.137 km, conform fișei furnizate.","true","","","","",""
"event","seed-fork","fork","2026-09-10","30137","inspect","Service la 30.137 km, conform fișei furnizate.","true","","","","",""
"event","seed-wheel-bearings","wheel-bearings","2026-09-10","30137","inspect","Verificați, OK. Recontrol recomandat la schimbul anvelopelor; fără interval separat Suzuki.","true","","","","",""
"event","seed-battery","battery","2026-09-10","30137","inspect","~14,1 V în sarcină la service. Control anual înainte de sezon: preferință personală, fără interval fix în tabelul Suzuki.","true","","","","",""
"event","seed-electrics","electrics","2026-09-10","30137","inspect","Verificată față / spate.","true","","","","",""
"event","seed-horn","horn","2026-09-10","30137","replace","Hella nou.","true","","","","",""